{
	"Gate Swap" : [],
	"Ref Des" : [],
	"Pin Swap" : [],
	"Component Property" : [],
	"Net Property" : [],
	"Pin Property" : [],
	"Component" : [
		{
			"Name" : "IC3",
			"C_PATH" : "@egr314motor.schematic1(sch_1):ins22237@drv8889qpwprq1.\\drv8889qpwprq1.normal\\(chips)",
			"Logical" : null,
			"Physical" : "IC3"
		},
		{
			"Name" : "J25",
			"C_PATH" : "@egr314motor.schematic1(sch_1):ins23969@\\61300611821\\.\\61300611821.normal\\(chips)",
			"Logical" : null,
			"Physical" : "J25"
		},
		{
			"Name" : "IC3",
			"C_PATH" : "@egr314motor.schematic1(sch_1):ins38729@drv8889qpwprq1.\\drv8889qpwprq1.normal\\(chips)",
			"Logical" : "IC3",
			"Physical" : null
		},
		{
			"Name" : "J34",
			"C_PATH" : "@egr314motor.schematic1(sch_1):ins41169@\\61300411821\\.\\61300411821.normal\\(chips)",
			"Logical" : "J34",
			"Physical" : null
		},
		{
			"Name" : "IC1",
			"C_PATH" : "@egr314motor.schematic1(sch_1):ins10521@\\pic18f27q10-i_so\\.\\pic18f27q10-i_so.normal\\(chips)",
			"Logical" : "PIC18F27Q10-I_SO_SOIC28_SO_MCH_PIC18F27Q10-I_SO",
			"Physical" : "PIC18F27Q10-I_SO_SOIC127P1030X265-28N_PIC18F27Q10-I_SO"
		},
		{
			"Name" : "J31",
			"C_PATH" : "@egr314motor.schematic1(sch_1):ins29908@connector.\\conn jack pwr.normal\\(chips)",
			"Logical" : "CONN JACK PWR_CONN_ADC-H_ADM_CONN JACK PWR",
			"Physical" : "CONN JACK PWR_CUI_PJ-102AH_CONN JACK PWR"
		}
	],
	"Net" : [
		{
			"Name" : "HEAD10",
			"C_PATH" : "@egr314motor.schematic1(sch_1):head10",
			"Logical" : null,
			"Physical" : "HEAD10"
		},
		{
			"Name" : "HEAD9",
			"C_PATH" : "@egr314motor.schematic1(sch_1):head9",
			"Logical" : null,
			"Physical" : "HEAD9"
		}
	],
	"Connection" : [
		{
			"Name" : "IC1.13",
			"C_PATH" : "@egr314motor.schematic1(sch_1):ins10521@\\pic18f27q10-i_so\\.\\pic18f27q10-i_so.normal\\(chips):RC2",
			"Logical" : "NC",
			"Physical" : "HEAD9"
		},
		{
			"Name" : "IC1.14",
			"C_PATH" : "@egr314motor.schematic1(sch_1):ins10521@\\pic18f27q10-i_so\\.\\pic18f27q10-i_so.normal\\(chips):RC3",
			"Logical" : "NC",
			"Physical" : "HEAD10"
		},
		{
			"Name" : "IC3.1",
			"C_PATH" : "@egr314motor.schematic1(sch_1):ins38729@drv8889qpwprq1.\\drv8889qpwprq1.normal\\(chips):CPL",
			"Logical" : "N06245",
			"Physical" : null
		},
		{
			"Name" : "IC3.2",
			"C_PATH" : "@egr314motor.schematic1(sch_1):ins38729@drv8889qpwprq1.\\drv8889qpwprq1.normal\\(chips):CPH",
			"Logical" : "N06252",
			"Physical" : null
		},
		{
			"Name" : "IC3.13",
			"C_PATH" : "@egr314motor.schematic1(sch_1):ins38729@drv8889qpwprq1.\\drv8889qpwprq1.normal\\(chips):DVDD",
			"Logical" : "N06338",
			"Physical" : null
		},
		{
			"Name" : "IC3.15",
			"C_PATH" : "@egr314motor.schematic1(sch_1):ins38729@drv8889qpwprq1.\\drv8889qpwprq1.normal\\(chips):VREF",
			"Logical" : "N06525",
			"Physical" : null
		},
		{
			"Name" : "IC3.17",
			"C_PATH" : "@egr314motor.schematic1(sch_1):ins38729@drv8889qpwprq1.\\drv8889qpwprq1.normal\\(chips):VSDO",
			"Logical" : "3.3V",
			"Physical" : null
		},
		{
			"Name" : "IC3.14",
			"C_PATH" : "@egr314motor.schematic1(sch_1):ins38729@drv8889qpwprq1.\\drv8889qpwprq1.normal\\(chips):NFAULT",
			"Logical" : "N06963",
			"Physical" : null
		},
		{
			"Name" : "IC3.12",
			"C_PATH" : "@egr314motor.schematic1(sch_1):ins38729@drv8889qpwprq1.\\drv8889qpwprq1.normal\\(chips):GND",
			"Logical" : "GND",
			"Physical" : null
		},
		{
			"Name" : "IC3.10",
			"C_PATH" : "@egr314motor.schematic1(sch_1):ins38729@drv8889qpwprq1.\\drv8889qpwprq1.normal\\(chips):PGND_2",
			"Logical" : "GND",
			"Physical" : null
		},
		{
			"Name" : "IC3.5",
			"C_PATH" : "@egr314motor.schematic1(sch_1):ins38729@drv8889qpwprq1.\\drv8889qpwprq1.normal\\(chips):PGND_1",
			"Logical" : "GND",
			"Physical" : null
		},
		{
			"Name" : "IC3.20",
			"C_PATH" : "@egr314motor.schematic1(sch_1):ins38729@drv8889qpwprq1.\\drv8889qpwprq1.normal\\(chips):SCLK",
			"Logical" : "SCK",
			"Physical" : null
		},
		{
			"Name" : "IC3.19",
			"C_PATH" : "@egr314motor.schematic1(sch_1):ins38729@drv8889qpwprq1.\\drv8889qpwprq1.normal\\(chips):SDI",
			"Logical" : "SDI",
			"Physical" : null
		},
		{
			"Name" : "IC3.18",
			"C_PATH" : "@egr314motor.schematic1(sch_1):ins38729@drv8889qpwprq1.\\drv8889qpwprq1.normal\\(chips):SDO",
			"Logical" : "SDO",
			"Physical" : null
		},
		{
			"Name" : "IC3.16",
			"C_PATH" : "@egr314motor.schematic1(sch_1):ins38729@drv8889qpwprq1.\\drv8889qpwprq1.normal\\(chips):NSCS",
			"Logical" : "NSCS",
			"Physical" : null
		},
		{
			"Name" : "IC3.3",
			"C_PATH" : "@egr314motor.schematic1(sch_1):ins38729@drv8889qpwprq1.\\drv8889qpwprq1.normal\\(chips):VCP",
			"Logical" : "N20375",
			"Physical" : null
		},
		{
			"Name" : "IC3.6",
			"C_PATH" : "@egr314motor.schematic1(sch_1):ins38729@drv8889qpwprq1.\\drv8889qpwprq1.normal\\(chips):AOUT1",
			"Logical" : "N05519",
			"Physical" : null
		},
		{
			"Name" : "IC3.7",
			"C_PATH" : "@egr314motor.schematic1(sch_1):ins38729@drv8889qpwprq1.\\drv8889qpwprq1.normal\\(chips):AOUT2",
			"Logical" : "N05523",
			"Physical" : null
		},
		{
			"Name" : "IC3.8",
			"C_PATH" : "@egr314motor.schematic1(sch_1):ins38729@drv8889qpwprq1.\\drv8889qpwprq1.normal\\(chips):BOUT2",
			"Logical" : "N05527",
			"Physical" : null
		},
		{
			"Name" : "IC3.9",
			"C_PATH" : "@egr314motor.schematic1(sch_1):ins38729@drv8889qpwprq1.\\drv8889qpwprq1.normal\\(chips):BOUT1",
			"Logical" : "N05531",
			"Physical" : null
		},
		{
			"Name" : "IC3.11",
			"C_PATH" : "@egr314motor.schematic1(sch_1):ins38729@drv8889qpwprq1.\\drv8889qpwprq1.normal\\(chips):VM_2",
			"Logical" : "12V",
			"Physical" : null
		},
		{
			"Name" : "IC3.4",
			"C_PATH" : "@egr314motor.schematic1(sch_1):ins38729@drv8889qpwprq1.\\drv8889qpwprq1.normal\\(chips):VM_1",
			"Logical" : "12V",
			"Physical" : null
		},
		{
			"Name" : "J34.4",
			"C_PATH" : "@egr314motor.schematic1(sch_1):ins41169@\\61300411821\\.\\61300411821.normal\\(chips):\\4\\",
			"Logical" : "HEAD5",
			"Physical" : null
		},
		{
			"Name" : "J34.3",
			"C_PATH" : "@egr314motor.schematic1(sch_1):ins41169@\\61300411821\\.\\61300411821.normal\\(chips):\\3\\",
			"Logical" : "HEAD6",
			"Physical" : null
		},
		{
			"Name" : "J34.2",
			"C_PATH" : "@egr314motor.schematic1(sch_1):ins41169@\\61300411821\\.\\61300411821.normal\\(chips):\\2\\",
			"Logical" : "HEAD7",
			"Physical" : null
		},
		{
			"Name" : "J34.1",
			"C_PATH" : "@egr314motor.schematic1(sch_1):ins41169@\\61300411821\\.\\61300411821.normal\\(chips):\\1\\",
			"Logical" : "HEAD8",
			"Physical" : null
		}
	]
}
