{
	"Gate Swap" : [],
	"Ref Des" : [],
	"Pin Swap" : [],
	"Component Property" : [],
	"Net Property" : [],
	"Pin Property" : [],
	"Component" : [
		{
			"Name" : "J36",
			"C_PATH" : "@egr314motor.schematic1(sch_1):ins46677@\\61300411821\\.\\61300411821.normal\\(chips)",
			"Logical" : "J36",
			"Physical" : null
		}
	],
	"Net" : [],
	"Connection" : [
		{
			"Name" : "J36.1",
			"C_PATH" : "@egr314motor.schematic1(sch_1):ins46677@\\61300411821\\.\\61300411821.normal\\(chips):\\1\\",
			"Logical" : "GND",
			"Physical" : null
		},
		{
			"Name" : "J36.3",
			"C_PATH" : "@egr314motor.schematic1(sch_1):ins46677@\\61300411821\\.\\61300411821.normal\\(chips):\\3\\",
			"Logical" : "GND",
			"Physical" : null
		},
		{
			"Name" : "J36.2",
			"C_PATH" : "@egr314motor.schematic1(sch_1):ins46677@\\61300411821\\.\\61300411821.normal\\(chips):\\2\\",
			"Logical" : "GND",
			"Physical" : null
		},
		{
			"Name" : "J36.4",
			"C_PATH" : "@egr314motor.schematic1(sch_1):ins46677@\\61300411821\\.\\61300411821.normal\\(chips):\\4\\",
			"Logical" : "GND",
			"Physical" : null
		}
	]
}
